codice;produttore;nome;annata;tipologia;formato_cl;regione;nazione;zona_produzione;esclusiva;vendibile_milano;disponibilita;prezzo_listino;no_sconto;max_per_cliente;linea;stili;in_inventario
TERRA-DONATA-AZ-AGR-FRANCIACORTA-BDB-SA-75;TERRA DONATA AZ. AGR.;FRANCIACORTA BDB;SA;bollicine;75;Lombardia;Italia;Franciacorta;Esclusa Bologna e provincia;SI;disponibile;17,60;NO;;;;SI
TERRA-DONATA-AZ-AGR-FRANCIACORTA-BDB-MAGNUM-SA-150;TERRA DONATA AZ. AGR.;FRANCIACORTA BDB MAGNUM;SA;bollicine;150;Lombardia;Italia;Franciacorta;Esclusa Bologna e provincia;SI;disponibile;35,20;NO;;;;SI
TERRA-DONATA-AZ-AGR-FRANCIACORTA-BDN-SA-75;TERRA DONATA AZ. AGR.;FRANCIACORTA BDN;SA;bollicine;75;Lombardia;Italia;Franciacorta;Esclusa Bologna e provincia;SI;disponibile;18,30;NO;;;;SI
TERRA-DONATA-AZ-AGR-FRANCIACORTA-BDN-MAGNUM-SA-150;TERRA DONATA AZ. AGR.;FRANCIACORTA BDN MAGNUM;SA;bollicine;150;Lombardia;Italia;Franciacorta;Esclusa Bologna e provincia;SI;disponibile;36,60;NO;;;;SI
TERRA-DONATA-AZ-AGR-SEBINO-ROSSO-2019-75;TERRA DONATA AZ. AGR.;SEBINO ROSSO;2019;rosso;75;Lombardia;Italia;Franciacorta;Esclusa Bologna e provincia;SI;in_esaurimento;9,80;NO;;;;SI
TERRA-DONATA-AZ-AGR-SEBINO-ROSSO-2022-75;TERRA DONATA AZ. AGR.;SEBINO ROSSO;2022;rosso;75;Lombardia;Italia;Franciacorta;Esclusa Bologna e provincia;SI;in_arrivo;9,80;NO;;;;NO
LORENZO-PASINI-AGR-LA-TO-FIBONACCI-SA-75;LORENZO PASINI - AGR. LA TORRE;FIBONACCI;SA;bollicine;75;Lombardia;Italia;Calvagese della Riviera (BS);Esclusiva Lombardia (tranne Crema/Cremona/Brescia), Veneto, Trentino Alto Adige, Campania, Umbria, Puglia;SI;disponibile;15,50;NO;;;;SI
LORENZO-PASINI-AGR-LA-TO-REESLENG-2021-75;LORENZO PASINI - AGR. LA TORRE;REESLENG;2021;bianco;75;Lombardia;Italia;Calvagese della Riviera (BS);Esclusiva Lombardia (tranne Crema/Cremona/Brescia), Veneto, Trentino Alto Adige, Campania, Umbria, Puglia;SI;disponibile;14,20;NO;;;;SI
LORENZO-PASINI-AGR-LA-TO-SPIGULI-2022-75;LORENZO PASINI - AGR. LA TORRE;SPIGULÌ;2022;rosso;75;Lombardia;Italia;Calvagese della Riviera (BS);Esclusiva Lombardia (tranne Crema/Cremona/Brescia), Veneto, Trentino Alto Adige, Campania, Umbria, Puglia;SI;disponibile;11,50;NO;;;;SI
LORENZO-PASINI-AGR-LA-TO-HUNA-2023-75;LORENZO PASINI - AGR. LA TORRE;HUNA;2023;rosso;75;Lombardia;Italia;Calvagese della Riviera (BS);Esclusiva Lombardia (tranne Crema/Cremona/Brescia), Veneto, Trentino Alto Adige, Campania, Umbria, Puglia;SI;disponibile;15,70;NO;;;;SI
LORENZO-PASINI-AGR-LA-TO-IL-TORRIONE-NV-75;LORENZO PASINI - AGR. LA TORRE;IL TORRIONE;;rosso;75;Lombardia;Italia;Calvagese della Riviera (BS);Esclusiva Lombardia (tranne Crema/Cremona/Brescia), Veneto, Trentino Alto Adige, Campania, Umbria, Puglia;SI;disponibile;18,20;NO;;;;SI
LORENZO-PASINI-AGR-LA-TO-EL-CUNTI-2021-22-75;LORENZO PASINI - AGR. LA TORRE;EL CUNTÌ;2021-22;rosso;75;Lombardia;Italia;Calvagese della Riviera (BS);Esclusiva Lombardia (tranne Crema/Cremona/Brescia), Veneto, Trentino Alto Adige, Campania, Umbria, Puglia;SI;disponibile;18,20;NO;;;;SI
WEINGUT-DANIEL-SIGMUND-SILVANER-2024-75;WEINGUT DANIEL SIGMUND;SILVANER;2024;bianco;75;Trentino-Alto Adige;Italia;Alto Adige, Valle Isarco;Escluse Bolzano e provincia;SI;disponibile;19,40;NO;;;;SI
WEINGUT-DANIEL-SIGMUND-RIESLING-2024-75;WEINGUT DANIEL SIGMUND;RIESLING;2024;bianco;75;Trentino-Alto Adige;Italia;Alto Adige, Valle Isarco;Escluse Bolzano e provincia;SI;disponibile;22,10;NO;;;;SI
WEINGUT-DANIEL-SIGMUND-PINOT-NOIR-2024-75;WEINGUT DANIEL SIGMUND;PINOT NOIR;2024;rosso;75;Trentino-Alto Adige;Italia;Alto Adige, Valle Isarco;Escluse Bolzano e provincia;SI;disponibile;25,60;NO;;;;SI
WEINGUT-DANIEL-SIGMUND-PORTUGIESER-2022-75;WEINGUT DANIEL SIGMUND;PORTUGIESER;2022;rosso;75;Trentino-Alto Adige;Italia;Alto Adige, Valle Isarco;Escluse Bolzano e provincia;SI;in_esaurimento;29,90;NO;;;;SI
CASARETTI-AZIENDA-AGR-RIFERMENTATO-BIANCO-SA-75;CASARETTI AZIENDA AGR.;RIFERMENTATO BIANCO;SA;rifermentato;75;Veneto;Italia;Bardolino;Escluse Verona, Milano, Lecco, Como e province;NO;disponibile;7,90;NO;;;;NO
CASARETTI-AZIENDA-AGR-VERONA-BIANCO-IGT-BIANCOSALE-2024-75;CASARETTI AZIENDA AGR.;"VERONA BIANCO IGT ""BIANCOSALE""";2024;bianco;75;Veneto;Italia;Bardolino;Escluse Verona, Milano, Lecco, Como e province;NO;disponibile;7,90;NO;;;;NO
CASARETTI-AZIENDA-AGR-GARGANEGA-838-IGT-2025-75;CASARETTI AZIENDA AGR.;"GARGANEGA ""838"" IGT";2025;bianco;75;Veneto;Italia;Bardolino;Escluse Verona, Milano, Lecco, Como e province;NO;disponibile;7,50;NO;;;;NO
CASARETTI-AZIENDA-AGR-GARGANEGA-838-IGT-VECCHIE-VIGNE-2023-75;CASARETTI AZIENDA AGR.;"GARGANEGA ""838"" IGT VECCHIE VIGNE";2023;bianco;75;Veneto;Italia;Bardolino;Escluse Verona, Milano, Lecco, Como e province;NO;limitato;7,70;NO;;;;NO
CASARETTI-AZIENDA-AGR-BIANCO-DEL-BROL-VECCHIE-VIGNE-2024-75;CASARETTI AZIENDA AGR.;BIANCO DEL BROL VECCHIE VIGNE;2024;bianco;75;Veneto;Italia;Bardolino;Escluse Verona, Milano, Lecco, Como e province;NO;disponibile;10,70;NO;;;;NO
CASARETTI-AZIENDA-AGR-CHIARETTO-DI-BARDOLINO-2025-75;CASARETTI AZIENDA AGR.;CHIARETTO DI BARDOLINO;2025;rosato;75;Veneto;Italia;Bardolino;Escluse Verona, Milano, Lecco, Como e province;NO;disponibile;14,60;NO;;;;NO
CASARETTI-AZIENDA-AGR-VERONA-ROSATO-CORV-N-ROSES-V-V-2024-75;CASARETTI AZIENDA AGR.;"VERONA ROSATO ""CORV N ROSES"" V.V.";2024;rosato;75;Veneto;Italia;Bardolino;Escluse Verona, Milano, Lecco, Como e province;NO;disponibile;7,70;NO;;;;NO
CASARETTI-AZIENDA-AGR-BARDOLINO-CLASSICO-50-ANNIVERS-2025-75;CASARETTI AZIENDA AGR.;BARDOLINO CLASSICO 50° ANNIVERS.;2025;rosso;75;Veneto;Italia;Bardolino;Escluse Verona, Milano, Lecco, Como e province;NO;disponibile;14,60;NO;;;;NO
CASARETTI-AZIENDA-AGR-BARDOLINO-CLASSICO-NOGARA-2025-75;CASARETTI AZIENDA AGR.;"BARDOLINO CLASSICO ""NOGARA""";2025;rosso;75;Veneto;Italia;Bardolino;Escluse Verona, Milano, Lecco, Como e province;NO;disponibile;7,70;NO;;;;NO
CASARETTI-AZIENDA-AGR-BARDOLINO-CL-OLTE-LONGHE-2025-75;CASARETTI AZIENDA AGR.;"BARDOLINO CL. ""OLTE LONGHE""";2025;rosso;75;Veneto;Italia;Bardolino;Escluse Verona, Milano, Lecco, Como e province;NO;disponibile;10,50;NO;;;;NO
CASARETTI-AZIENDA-AGR-BARDOLINO-CLASSICO-LA-ROCCA-2024-75;CASARETTI AZIENDA AGR.;"BARDOLINO CLASSICO ""LA ROCCA""";2024;rosso;75;Veneto;Italia;Bardolino;Escluse Verona, Milano, Lecco, Como e province;NO;disponibile;10,50;NO;;;;NO
SAN-DIONIGI-AZIENDA-AGR-IGT-VENETO-SANGIOVESE-PARCELLA-341-2024-75;SAN DIONIGI AZIENDA AGR.;"IGT VENETO SANGIOVESE ""PARCELLA 341""";2024;rosso;75;Veneto;Italia;Valpolicella;Esclusiva Italia, esclusa Verona e provincia;SI;disponibile;14,80;NO;;;;SI
SAN-DIONIGI-AZIENDA-AGR-IGT-VERONA-CORVINA-KARDIA-2025-75;SAN DIONIGI AZIENDA AGR.;"IGT VERONA CORVINA ""KARDÍA""";2025;rosso;75;Veneto;Italia;Valpolicella;Esclusiva Italia, esclusa Verona e provincia;SI;disponibile;18,00;NO;;;;SI
SAN-DIONIGI-AZIENDA-AGR-IGT-VERONA-ROSATO-DIKA-2025-75;SAN DIONIGI AZIENDA AGR.;"IGT VERONA ROSATO ""DÍKA""";2025;rosato;75;Veneto;Italia;Valpolicella;Esclusiva Italia, esclusa Verona e provincia;SI;disponibile;18,00;NO;;;;SI
SAN-DIONIGI-AZIENDA-AGR-VALPOLICELLA-SUPERIORE-2024-75;SAN DIONIGI AZIENDA AGR.;VALPOLICELLA SUPERIORE;2024;rosso;75;Veneto;Italia;Valpolicella;Esclusiva Italia, esclusa Verona e provincia;SI;disponibile;27,40;NO;;;;SI
ROCCHE-VIBERTI-DOLCETTO-D-ALBA-VIGNA-MELERA-2024-75;ROCCHE VIBERTI;DOLCETTO D'ALBA VIGNA MELERA;2024;rosso;75;Piemonte;Italia;Langhe, Castiglione Falletto;Esclusiva per Emilia Romagna, Milano, Puglia, Umbria;SI;disponibile;11,00;NO;;;;SI
ROCCHE-VIBERTI-BARBERA-D-ALBA-SUP-VIGNA-LUNGA-2023-75;ROCCHE VIBERTI;BARBERA D'ALBA SUP. VIGNA LUNGA;2023;rosso;75;Piemonte;Italia;Langhe, Castiglione Falletto;Esclusiva per Emilia Romagna, Milano, Puglia, Umbria;SI;disponibile;16,00;NO;;;;SI
ROCCHE-VIBERTI-LANGHE-NEBBIOLO-2024-75;ROCCHE VIBERTI;LANGHE NEBBIOLO;2024;rosso;75;Piemonte;Italia;Langhe, Castiglione Falletto;Esclusiva per Emilia Romagna, Milano, Puglia, Umbria;SI;disponibile;17,80;NO;;;;SI
ROCCHE-VIBERTI-BAROLO-VECCHIE-VITI-DI-CASTIGLIONE-2021-75;ROCCHE VIBERTI;BAROLO VECCHIE VITI DI CASTIGLIONE;2021;rosso;75;Piemonte;Italia;Langhe, Castiglione Falletto;Esclusiva per Emilia Romagna, Milano, Puglia, Umbria;SI;disponibile;29,70;NO;;;;SI
ROCCHE-VIBERTI-BAROLO-ROCCHE-DI-CASTIGLIONE-2021-75;ROCCHE VIBERTI;BAROLO ROCCHE DI CASTIGLIONE;2021;rosso;75;Piemonte;Italia;Langhe, Castiglione Falletto;Esclusiva per Emilia Romagna, Milano, Puglia, Umbria;SI;disponibile;43,50;SI;;;;SI
ROCCHE-VIBERTI-BAROLO-BRICCO-BOSCHIS-2021-75;ROCCHE VIBERTI;BAROLO BRICCO BOSCHIS;2021;rosso;75;Piemonte;Italia;Langhe, Castiglione Falletto;Esclusiva per Emilia Romagna, Milano, Puglia, Umbria;SI;disponibile;49,50;SI;;;;SI
ROCCHE-VIBERTI-BAROLO-ROCCHE-DI-CASTIGLIONE-MG-2021-150;ROCCHE VIBERTI;BAROLO ROCCHE DI CASTIGLIONE MG;2021;rosso;150;Piemonte;Italia;Langhe, Castiglione Falletto;Esclusiva per Emilia Romagna, Milano, Puglia, Umbria;SI;disponibile;90,00;SI;;;;SI
ROCCHE-VIBERTI-BAROLO-BRICCO-BOSCHIS-MG-2021-150;ROCCHE VIBERTI;BAROLO BRICCO BOSCHIS MG;2021;rosso;150;Piemonte;Italia;Langhe, Castiglione Falletto;Esclusiva per Emilia Romagna, Milano, Puglia, Umbria;SI;disponibile;105,00;SI;;;;SI
BORGOGNO-RIVATA-ARNEIS-2024-75;BORGOGNO RIVATA;ARNEIS;2024;bianco;75;Piemonte;Italia;Langhe, La Morra;Escluse Valle d'Aosta, Piemonte, Abruzzo, Lazio, Campania;SI;disponibile;10,80;NO;;;;SI
BORGOGNO-RIVATA-VINO-ROSATO-NEBBIOLO-2025-75;BORGOGNO RIVATA;VINO ROSATO (NEBBIOLO);2025;rosato;75;Piemonte;Italia;Langhe, La Morra;Escluse Valle d'Aosta, Piemonte, Abruzzo, Lazio, Campania;SI;disponibile;12,50;NO;;;;SI
BORGOGNO-RIVATA-LUMAS-NV-75;BORGOGNO RIVATA;LUMAS;;rosso;75;Piemonte;Italia;Langhe, La Morra;Escluse Valle d'Aosta, Piemonte, Abruzzo, Lazio, Campania;SI;disponibile;9,50;NO;;;;SI
BORGOGNO-RIVATA-DOLCETTO-2024-75;BORGOGNO RIVATA;DOLCETTO;2024;rosso;75;Piemonte;Italia;Langhe, La Morra;Escluse Valle d'Aosta, Piemonte, Abruzzo, Lazio, Campania;SI;disponibile;10,80;NO;;;;SI
BORGOGNO-RIVATA-BARBERA-D-ALBA-SUPERIORE-2023-75;BORGOGNO RIVATA;BARBERA D'ALBA SUPERIORE;2023;rosso;75;Piemonte;Italia;Langhe, La Morra;Escluse Valle d'Aosta, Piemonte, Abruzzo, Lazio, Campania;SI;disponibile;12,60;NO;;;;SI
BORGOGNO-RIVATA-NEBBIOLO-2024-75;BORGOGNO RIVATA;NEBBIOLO;2024;rosso;75;Piemonte;Italia;Langhe, La Morra;Escluse Valle d'Aosta, Piemonte, Abruzzo, Lazio, Campania;SI;disponibile;13,50;NO;;;;SI
BORGOGNO-RIVATA-NEBBIOLO-MAGNUM-DEDICATO-A-2023-150;BORGOGNO RIVATA;"NEBBIOLO MAGNUM ""DEDICATO A..""";2023;rosso;150;Piemonte;Italia;Langhe, La Morra;Escluse Valle d'Aosta, Piemonte, Abruzzo, Lazio, Campania;SI;disponibile;31,00;NO;;;;SI
BORGOGNO-RIVATA-BAROLO-2022-75;BORGOGNO RIVATA;BAROLO;2022;rosso;75;Piemonte;Italia;Langhe, La Morra;Escluse Valle d'Aosta, Piemonte, Abruzzo, Lazio, Campania;SI;disponibile;30,50;NO;;;;SI
BORGOGNO-RIVATA-BAROLO-TRE-MADAME-2022-75;BORGOGNO RIVATA;"BAROLO ""TRE MADAME""";2022;rosso;75;Piemonte;Italia;Langhe, La Morra;Escluse Valle d'Aosta, Piemonte, Abruzzo, Lazio, Campania;SI;disponibile;35,00;NO;;;;SI
BORGOGNO-RIVATA-BAROLO-MAGNUM-2022-150;BORGOGNO RIVATA;BAROLO MAGNUM;2022;rosso;150;Piemonte;Italia;Langhe, La Morra;Escluse Valle d'Aosta, Piemonte, Abruzzo, Lazio, Campania;SI;disponibile;63,00;NO;;;;SI
BORGOGNO-RIVATA-SIDRO-SA-75;BORGOGNO RIVATA;SIDRO;SA;rifermentato;75;Piemonte;Italia;Langhe, La Morra;Escluse Valle d'Aosta, Piemonte, Abruzzo, Lazio, Campania;SI;disponibile;8,60;NO;;;;SI
LOTTI-SPARSI-CUVEE-001-NEBBIOLO-NV-75;LOTTI SPARSI;CUVÉE 001 (NEBBIOLO);;rosso;75;Piemonte;Italia;Langhe, La Morra;Esclusiva Italia, escluso Piemonte;SI;in_esaurimento;29,00;NO;;;;SI
LOTTI-SPARSI-CUVEE-001-MAGNUM-NEBBIOLO-NV-150;LOTTI SPARSI;CUVÉE 001 MAGNUM (NEBBIOLO);;rosso;150;Piemonte;Italia;Langhe, La Morra;Esclusiva Italia, escluso Piemonte;SI;su_prenotazione;63,50;NO;;;;SI
CANTINA-PINETI-ARNEIS-2024-75;CANTINA PINETI;ARNEIS;2024;bianco;75;Piemonte;Italia;Langhe-Roero, La Morra-Guarene;Esclusiva Italia, escluso Piemonte;SI;disponibile;7,65;NO;;;;SI
CANTINA-PINETI-BARBERA-D-ALBA-SUPERIORE-2023-75;CANTINA PINETI;BARBERA D'ALBA SUPERIORE;2023;rosso;75;Piemonte;Italia;Langhe-Roero, La Morra-Guarene;Esclusiva Italia, escluso Piemonte;SI;disponibile;7,65;NO;;;;SI
CANTINA-PINETI-NEBBIOLO-2023-75;CANTINA PINETI;NEBBIOLO;2023;rosso;75;Piemonte;Italia;Langhe-Roero, La Morra-Guarene;Esclusiva Italia, escluso Piemonte;SI;disponibile;9,10;NO;;;;SI
RENATO-FENOCCHIO-VINO-ROSSO-RUCHE-2022-75;RENATO FENOCCHIO;VINO ROSSO (RUCHÉ);2022;rosso;75;Piemonte;Italia;Barbaresco, Neive;Esclusiva Emilia Romagna e Lombardia;SI;disponibile;10,50;NO;;;;SI
RENATO-FENOCCHIO-BARBERA-D-ALBA-DOC-2024-75;RENATO FENOCCHIO;BARBERA D'ALBA DOC;2024;rosso;75;Piemonte;Italia;Barbaresco, Neive;Esclusiva Emilia Romagna e Lombardia;SI;disponibile;10,50;NO;;;;SI
RENATO-FENOCCHIO-LANGHE-NEBBIOLO-DOC-2024-75;RENATO FENOCCHIO;LANGHE NEBBIOLO DOC;2024;rosso;75;Piemonte;Italia;Barbaresco, Neive;Esclusiva Emilia Romagna e Lombardia;SI;disponibile;15,70;NO;;;;SI
RENATO-FENOCCHIO-BARBARESCO-DOCG-ROMBONE-2021-75;RENATO FENOCCHIO;"BARBARESCO DOCG ""ROMBONE""";2021;rosso;75;Piemonte;Italia;Barbaresco, Neive;Esclusiva Emilia Romagna e Lombardia;SI;disponibile;27,20;NO;;;;SI
RENATO-FENOCCHIO-BARBARESCO-DOCG-ROMBONE-MG-2021-150;RENATO FENOCCHIO;"BARBARESCO DOCG ""ROMBONE"" MG.";2021;rosso;150;Piemonte;Italia;Barbaresco, Neive;Esclusiva Emilia Romagna e Lombardia;SI;disponibile;55,00;NO;;;;SI
RENATO-FENOCCHIO-BARBARESCO-DOCG-STARDERI-2021-75;RENATO FENOCCHIO;"BARBARESCO DOCG ""STARDERI""";2021;rosso;75;Piemonte;Italia;Barbaresco, Neive;Esclusiva Emilia Romagna e Lombardia;SI;disponibile;31,50;NO;;;;SI
RENATO-FENOCCHIO-BARBARESCO-DOCG-STARDERI-MG-2021-150;RENATO FENOCCHIO;"BARBARESCO DOCG ""STARDERI"" MG.";2021;rosso;150;Piemonte;Italia;Barbaresco, Neive;Esclusiva Emilia Romagna e Lombardia;SI;disponibile;63,00;NO;;;;SI
RENATO-FENOCCHIO-BARBARESCO-DOCG-BASARIN-RISERVA-2019-75;RENATO FENOCCHIO;"BARBARESCO DOCG ""BASARIN"" RISERVA";2019;rosso;75;Piemonte;Italia;Barbaresco, Neive;Esclusiva Emilia Romagna e Lombardia;SI;disponibile;47,50;NO;;;;SI
BOSCO-SAMUELE-ROERO-ARNEIS-2025-75;BOSCO SAMUELE;ROERO ARNEIS;2025;bianco;75;Piemonte;Italia;Roero, Priocca;Esclusiva Lombardia, Emilia Romagna, Veneto, Puglia, Campania;SI;disponibile;10,50;NO;;;;SI
BOSCO-SAMUELE-BARBERA-D-ALBA-2021-75;BOSCO SAMUELE;BARBERA D'ALBA;2021;rosso;75;Piemonte;Italia;Roero, Priocca;Esclusiva Lombardia, Emilia Romagna, Veneto, Puglia, Campania;SI;disponibile;12,90;NO;;;;SI
BOSCO-SAMUELE-BARBERA-D-ALBA-2018-75;BOSCO SAMUELE;BARBERA D'ALBA;2018;rosso;75;Piemonte;Italia;Roero, Priocca;Esclusiva Lombardia, Emilia Romagna, Veneto, Puglia, Campania;SI;in_esaurimento;12,90;NO;;;;SI
BOSCO-SAMUELE-LANGHE-NEBBIOLO-2023-75;BOSCO SAMUELE;LANGHE NEBBIOLO;2023;rosso;75;Piemonte;Italia;Roero, Priocca;Esclusiva Lombardia, Emilia Romagna, Veneto, Puglia, Campania;SI;disponibile;12,50;NO;;;;SI
BOSCO-SAMUELE-ROERO-2022-75;BOSCO SAMUELE;ROERO;2022;rosso;75;Piemonte;Italia;Roero, Priocca;Esclusiva Lombardia, Emilia Romagna, Veneto, Puglia, Campania;SI;disponibile;17,90;NO;;;;SI
PRUNETO-AZ-AGRICOLA-IN-CALCE-2025-75;PRUNETO AZ. AGRICOLA;IN CALCE;2025;rosso;75;Toscana;Italia;Radda in Chianti;Escluse Milano, Bologna e province;NO;disponibile;9,00;NO;;;;NO
PRUNETO-AZ-AGRICOLA-CHIANTI-CLASSICO-2022-75;PRUNETO AZ. AGRICOLA;CHIANTI CLASSICO;2022;rosso;75;Toscana;Italia;Radda in Chianti;Escluse Milano, Bologna e province;NO;disponibile;10,70;NO;;;;NO
PRUNETO-AZ-AGRICOLA-CHIANTI-CLASSICO-MAGNUM-2022-150;PRUNETO AZ. AGRICOLA;CHIANTI CLASSICO MAGNUM;2022;rosso;150;Toscana;Italia;Radda in Chianti;Escluse Milano, Bologna e province;NO;disponibile;29,00;NO;;;;NO
PRUNETO-AZ-AGRICOLA-CHIANTI-CLASSICO-RISERVA-2021-75;PRUNETO AZ. AGRICOLA;CHIANTI CLASSICO RISERVA;2021;rosso;75;Toscana;Italia;Radda in Chianti;Escluse Milano, Bologna e province;NO;disponibile;19,50;NO;;;;NO
IL-QUERCIOLO-AZ-BIOLOGIC-CORTEROSA-NV-75;IL QUERCIOLO AZ. BIOLOGICA;CORTEROSA;;rosato;75;Toscana;Italia;Val di Chiana;Esclusiva per Brescia e provincia;NO;in_arrivo;;NO;;;biologico;NO
IL-QUERCIOLO-AZ-BIOLOGIC-OCCHIO-DI-CIVETTA-2023-75;IL QUERCIOLO AZ. BIOLOGICA;OCCHIO DI CIVETTA;2023;rosso;75;Toscana;Italia;Val di Chiana;Esclusiva per Brescia e provincia;NO;disponibile;13,20;NO;;;biologico;NO
IL-QUERCIOLO-AZ-BIOLOGIC-GRUCCIONE-2022-75;IL QUERCIOLO AZ. BIOLOGICA;GRUCCIONE;2022;rosso;75;Toscana;Italia;Val di Chiana;Esclusiva per Brescia e provincia;NO;disponibile;19,20;NO;;;biologico;NO
CHAMPAGNE-DEKEYNE-FILS-L-INSTANT-ROSE-SA-75;CHAMPAGNE DEKEYNE & FILS;L'INSTANT ROSÉ;SA;champagne;75;Champagne;Francia;Côte de Sézanne;Esclusiva Italia;SI;disponibile;32,50;NO;;;;SI
CHAMPAGNE-DEKEYNE-FILS-NATURE-2016-75;CHAMPAGNE DEKEYNE & FILS;NATURE;2016;champagne;75;Champagne;Francia;Côte de Sézanne;Esclusiva Italia;SI;disponibile;38,90;NO;;;;SI
CHAMPAGNE-DEKEYNE-FILS-CHARDONNAY-VIELLES-VIGNES-2016-75;CHAMPAGNE DEKEYNE & FILS;CHARDONNAY VIELLES VIGNES;2016;champagne;75;Champagne;Francia;Côte de Sézanne;Esclusiva Italia;SI;disponibile;39,90;NO;;;;SI
CHAMPAGNE-DEKEYNE-FILS-MILLESIME-2015-VIELLES-VIGNES-2015-75;CHAMPAGNE DEKEYNE & FILS;MILLÉSIME 2015 VIELLES VIGNES;2015;champagne;75;Champagne;Francia;Côte de Sézanne;Esclusiva Italia;SI;disponibile;47,90;NO;;;;SI
CHAMPAGNE-ROY-RAULIN-BLANC-DE-BLANCS-NV-75;CHAMPAGNE ROY RAULIN;BLANC DE BLANCS;;champagne;75;Champagne;Francia;Montagne de Reims;Esclusiva Italia;SI;in_arrivo;;NO;;;;NO
CHAMPAGNE-ROY-RAULIN-1ER-CRU-NV-75;CHAMPAGNE ROY RAULIN;1ER CRU;;champagne;75;Champagne;Francia;Montagne de Reims;Esclusiva Italia;SI;in_arrivo;;NO;;;;NO
CHAMPAGNE-ROY-RAULIN-VIELLES-VIGNES-NV-75;CHAMPAGNE ROY RAULIN;VIELLES VIGNES;;champagne;75;Champagne;Francia;Montagne de Reims;Esclusiva Italia;SI;in_arrivo;;NO;;;;NO
CHAMPAGNE-ROY-RAULIN-BLANC-DE-NOIRS-GRAND-CRU-NV-75;CHAMPAGNE ROY RAULIN;BLANC DE NOIRS GRAND CRU;;champagne;75;Champagne;Francia;Montagne de Reims;Esclusiva Italia;SI;in_arrivo;;NO;;;;NO
TERRE-DES-PASSAGES-COTES-DU-JURA-CHARDONNAY-2024-75;TERRE DES PASSAGES;CÔTES DU JURA CHARDONNAY;2024;bianco;75;Jura;Francia;Jura;Esclusiva Italia;SI;in_esaurimento;29,90;SI;;;;SI
CHAMPAGNE-NAKADA-PARK-HARMONIE-EN-SEINE-BRUT-NATURE-2020-21-75;CHAMPAGNE NAKADA PARK;"""HARMONIE"" EN SEINE BRUT NATURE";2020-21;champagne;75;Champagne;Francia;Côte des Bar;Esclusiva Italia;SI;assegnazione;68,00;NO;;;;SI
MAISON-LOU-DUMONT-DOMAIN-CREMANT-BLANC-DE-BLANCS-SA-75;MAISON LOU DUMONT - DOMAINE KOJI ET JAE HWA;CREMANT BLANC DE BLANCS;SA;bollicine;75;Borgogna;Francia;Borgogna;Esclusiva Italia;SI;disponibile;17,60;NO;;Maison (etichette arancioni);;SI
MAISON-LOU-DUMONT-DOMAIN-CREMANT-ROSE-DE-NOIRS-SA-75;MAISON LOU DUMONT - DOMAINE KOJI ET JAE HWA;CREMANT ROSÉ DE NOIRS;SA;bollicine;75;Borgogna;Francia;Borgogna;Esclusiva Italia;SI;disponibile;17,60;NO;;Maison (etichette arancioni);;SI
MAISON-LOU-DUMONT-DOMAIN-BEAUJOLAIS-NOUVEAU-2022-75;MAISON LOU DUMONT - DOMAINE KOJI ET JAE HWA;BEAUJOLAIS NOUVEAU;2022;rosso;75;Borgogna;Francia;Borgogna;Esclusiva Italia;SI;in_esaurimento;12,20;NO;;Maison (etichette arancioni);;SI
MAISON-LOU-DUMONT-DOMAIN-BOURGOGNE-BLANC-2023-75;MAISON LOU DUMONT - DOMAINE KOJI ET JAE HWA;BOURGOGNE BLANC;2023;bianco;75;Borgogna;Francia;Borgogna;Esclusiva Italia;SI;assegnazione;29,00;NO;;Maison (etichette arancioni);;SI
MAISON-LOU-DUMONT-DOMAIN-BOURGOGNE-BLANC-EN-JARRE-2023-75;MAISON LOU DUMONT - DOMAINE KOJI ET JAE HWA;BOURGOGNE BLANC EN JARRE;2023;bianco;75;Borgogna;Francia;Borgogna;Esclusiva Italia;SI;assegnazione;29,00;NO;;Maison (etichette arancioni);;SI
MAISON-LOU-DUMONT-DOMAIN-MARSANNAY-BLANC-2023-75;MAISON LOU DUMONT - DOMAINE KOJI ET JAE HWA;MARSANNAY BLANC;2023;bianco;75;Borgogna;Francia;Borgogna;Esclusiva Italia;SI;assegnazione;45,00;NO;;Maison (etichette arancioni);;SI
MAISON-LOU-DUMONT-DOMAIN-SAINT-AUBIN-BLANC-2023-75;MAISON LOU DUMONT - DOMAINE KOJI ET JAE HWA;SAINT-AUBIN BLANC;2023;bianco;75;Borgogna;Francia;Borgogna;Esclusiva Italia;SI;assegnazione;47,00;NO;;Maison (etichette arancioni);;SI
MAISON-LOU-DUMONT-DOMAIN-PERNAND-VERGELESSES-BLANC-2023-75;MAISON LOU DUMONT - DOMAINE KOJI ET JAE HWA;PERNAND-VERGELESSES BLANC;2023;bianco;75;Borgogna;Francia;Borgogna;Esclusiva Italia;SI;assegnazione;47,00;NO;;Maison (etichette arancioni);;SI
MAISON-LOU-DUMONT-DOMAIN-MERSAULT-2023-75;MAISON LOU DUMONT - DOMAINE KOJI ET JAE HWA;MERSAULT;2023;bianco;75;Borgogna;Francia;Borgogna;Esclusiva Italia;SI;assegnazione;90,00;NO;;Maison (etichette arancioni);;SI
MAISON-LOU-DUMONT-DOMAIN-BOURGOGNE-PASSE-TOUT-GRAINS-2023-75;MAISON LOU DUMONT - DOMAINE KOJI ET JAE HWA;BOURGOGNE PASSE-TOUT-GRAINS;2023;rosso;75;Borgogna;Francia;Borgogna;Esclusiva Italia;SI;assegnazione;20,00;NO;;Maison (etichette arancioni);;SI
MAISON-LOU-DUMONT-DOMAIN-BOURGOGNE-ROUGE-2023-75;MAISON LOU DUMONT - DOMAINE KOJI ET JAE HWA;BOURGOGNE ROUGE;2023;rosso;75;Borgogna;Francia;Borgogna;Esclusiva Italia;SI;assegnazione;29,00;NO;;Maison (etichette arancioni);;SI
MAISON-LOU-DUMONT-DOMAIN-COTE-DE-NUITS-VILLAGES-2023-75;MAISON LOU DUMONT - DOMAINE KOJI ET JAE HWA;CÔTE DE NUITS VILLAGES;2023;rosso;75;Borgogna;Francia;Borgogna;Esclusiva Italia;SI;assegnazione;35,00;NO;;Maison (etichette arancioni);;SI
MAISON-LOU-DUMONT-DOMAIN-LADOIX-2023-75;MAISON LOU DUMONT - DOMAINE KOJI ET JAE HWA;LADOIX;2023;rosso;75;Borgogna;Francia;Borgogna;Esclusiva Italia;SI;assegnazione;40,00;NO;;Maison (etichette arancioni);;SI
MAISON-LOU-DUMONT-DOMAIN-CHOREY-LES-BEAUNE-2023-75;MAISON LOU DUMONT - DOMAINE KOJI ET JAE HWA;CHOREY-LES-BEAUNE;2023;rosso;75;Borgogna;Francia;Borgogna;Esclusiva Italia;SI;assegnazione;40,00;NO;;Maison (etichette arancioni);;SI
MAISON-LOU-DUMONT-DOMAIN-SAVIGNY-LES-BEAUNE-VIELLES-VIGNES-2023-75;MAISON LOU DUMONT - DOMAINE KOJI ET JAE HWA;SAVIGNY-LES-BEAUNE VIELLES VIGNES;2023;rosso;75;Borgogna;Francia;Borgogna;Esclusiva Italia;SI;assegnazione;45,00;NO;;Maison (etichette arancioni);;SI
MAISON-LOU-DUMONT-DOMAIN-FIXIN-2023-75;MAISON LOU DUMONT - DOMAINE KOJI ET JAE HWA;FIXIN;2023;rosso;75;Borgogna;Francia;Borgogna;Esclusiva Italia;SI;assegnazione;46,00;NO;;Maison (etichette arancioni);;SI
MAISON-LOU-DUMONT-DOMAIN-FIXIN-1ER-CRU-LES-HERVELETS-2023-75;MAISON LOU DUMONT - DOMAINE KOJI ET JAE HWA;"FIXIN 1ER CRU ""LES HERVELETS""";2023;rosso;75;Borgogna;Francia;Borgogna;Esclusiva Italia;SI;assegnazione;67,00;NO;;Maison (etichette arancioni);;SI
MAISON-LOU-DUMONT-DOMAIN-MARSANNAY-EN-COMBEREAU-2023-75;MAISON LOU DUMONT - DOMAINE KOJI ET JAE HWA;"MARSANNAY ""EN COMBEREAU""";2023;rosso;75;Borgogna;Francia;Borgogna;Esclusiva Italia;SI;assegnazione;45,00;NO;;Maison (etichette arancioni);;SI
MAISON-LOU-DUMONT-DOMAIN-MOREY-SAINT-DENIS-2023-75;MAISON LOU DUMONT - DOMAINE KOJI ET JAE HWA;MOREY-SAINT-DENIS;2023;rosso;75;Borgogna;Francia;Borgogna;Esclusiva Italia;SI;assegnazione;65,00;NO;;Maison (etichette arancioni);;SI
MAISON-LOU-DUMONT-DOMAIN-NUITS-SAINT-GEORGES-V-V-2023-75;MAISON LOU DUMONT - DOMAINE KOJI ET JAE HWA;NUITS-SAINT-GEORGES V.V.;2023;rosso;75;Borgogna;Francia;Borgogna;Esclusiva Italia;SI;assegnazione;65,00;NO;;Maison (etichette arancioni);;SI
MAISON-LOU-DUMONT-DOMAIN-GEVREY-CHAMBERTIN-2023-75;MAISON LOU DUMONT - DOMAINE KOJI ET JAE HWA;GEVREY-CHAMBERTIN;2023;rosso;75;Borgogna;Francia;Borgogna;Esclusiva Italia;SI;assegnazione;72,00;NO;;Maison (etichette arancioni);;SI
MAISON-LOU-DUMONT-DOMAIN-GEVREY-CHAMBERTIN-MAGNUM-2023-150;MAISON LOU DUMONT - DOMAINE KOJI ET JAE HWA;GEVREY-CHAMBERTIN MAGNUM;2023;rosso;150;Borgogna;Francia;Borgogna;Esclusiva Italia;SI;assegnazione;180,00;NO;;Maison (etichette arancioni);;SI
MAISON-LOU-DUMONT-DOMAIN-CHAMBOLLE-MUSIGNY-2023-75;MAISON LOU DUMONT - DOMAINE KOJI ET JAE HWA;CHAMBOLLE-MUSIGNY;2023;rosso;75;Borgogna;Francia;Borgogna;Esclusiva Italia;SI;assegnazione;95,00;NO;;Maison (etichette arancioni);;SI
MAISON-LOU-DUMONT-DOMAIN-CHARMES-CHAMBERTIN-GRAND-CRU-2023-75;MAISON LOU DUMONT - DOMAINE KOJI ET JAE HWA;CHARMES-CHAMBERTIN GRAND CRU;2023;rosso;75;Borgogna;Francia;Borgogna;Esclusiva Italia;SI;assegnazione;295,00;NO;;Maison (etichette arancioni);;SI
MAISON-LOU-DUMONT-DOMAIN-BOURGOGNE-BLANC-BIO-2023-75;MAISON LOU DUMONT - DOMAINE KOJI ET JAE HWA;BOURGOGNE BLANC BIO;2023;bianco;75;Borgogna;Francia;Borgogna;Esclusiva Italia;SI;assegnazione;30,00;NO;;Maison Bio (certificato);biologico;SI
MAISON-LOU-DUMONT-DOMAIN-BOURGOGNE-ROUGE-BIO-2023-75;MAISON LOU DUMONT - DOMAINE KOJI ET JAE HWA;BOURGOGNE ROUGE BIO;2023;rosso;75;Borgogna;Francia;Borgogna;Esclusiva Italia;SI;assegnazione;30,00;NO;;Maison Bio (certificato);biologico;SI
MAISON-LOU-DUMONT-DOMAIN-MARSANNAY-BIO-2023-75;MAISON LOU DUMONT - DOMAINE KOJI ET JAE HWA;MARSANNAY BIO;2023;rosso;75;Borgogna;Francia;Borgogna;Esclusiva Italia;SI;assegnazione;50,00;NO;;Maison Bio (certificato);biologico;SI
MAISON-LOU-DUMONT-DOMAIN-MOREY-SAINT-DENIS-BIO-2023-75;MAISON LOU DUMONT - DOMAINE KOJI ET JAE HWA;MOREY-SAINT-DENIS BIO;2023;rosso;75;Borgogna;Francia;Borgogna;Esclusiva Italia;SI;assegnazione;68,00;NO;;Maison Bio (certificato);biologico;SI
MAISON-LOU-DUMONT-DOMAIN-GEVREY-CHAMBERTIN-BIO-2023-75;MAISON LOU DUMONT - DOMAINE KOJI ET JAE HWA;GEVREY-CHAMBERTIN BIO;2023;rosso;75;Borgogna;Francia;Borgogna;Esclusiva Italia;SI;assegnazione;85,00;NO;;Maison Bio (certificato);biologico;SI
MAISON-LOU-DUMONT-DOMAIN-COTEAUX-CHARDONNAY-2023-75;MAISON LOU DUMONT - DOMAINE KOJI ET JAE HWA;CÔTEAUX CHARDONNAY;2023;bianco;75;Borgogna;Francia;Borgogna;Esclusiva Italia;SI;assegnazione;65,00;NO;;Domaine (etichette bianche);;SI
MAISON-LOU-DUMONT-DOMAIN-HCDN-LA-VIOLETTE-CHARDONNAY-2023-75;MAISON LOU DUMONT - DOMAINE KOJI ET JAE HWA;"HCDN ""LA VIOLETTE"" CHARDONNAY";2023;bianco;75;Borgogna;Francia;Borgogna;Esclusiva Italia;SI;assegnazione;65,00;NO;;Domaine (etichette bianche);;SI
MAISON-LOU-DUMONT-DOMAIN-HCDN-LA-VIOLETTE-PINOT-GRIS-BIO-2023-75;MAISON LOU DUMONT - DOMAINE KOJI ET JAE HWA;"HCDN ""LA VIOLETTE"" PINOT GRIS BIO";2023;bianco;75;Borgogna;Francia;Borgogna;Esclusiva Italia;SI;assegnazione;65,00;NO;;Domaine (etichette bianche);biologico;SI
MAISON-LOU-DUMONT-DOMAIN-HCDN-LA-VIOLETTE-PINOT-NOIR-2023-75;MAISON LOU DUMONT - DOMAINE KOJI ET JAE HWA;"HCDN ""LA VIOLETTE"" PINOT NOIR";2023;rosso;75;Borgogna;Francia;Borgogna;Esclusiva Italia;SI;assegnazione;65,00;NO;;Domaine (etichette bianche);;SI
MAISON-LOU-DUMONT-DOMAIN-MARSANNAY-BLANC-LE-DESERT-2023-75;MAISON LOU DUMONT - DOMAINE KOJI ET JAE HWA;"MARSANNAY BLANC ""LE DESERT""";2023;bianco;75;Borgogna;Francia;Borgogna;Esclusiva Italia;SI;assegnazione;75,00;NO;;Domaine (etichette bianche);;SI
MAISON-LOU-DUMONT-DOMAIN-BOURGOGNE-ALIGOTE-VV-1908-2023-75;MAISON LOU DUMONT - DOMAINE KOJI ET JAE HWA;"BOURGOGNE ALIGOTÈ VV ""1908""";2023;bianco;75;Borgogna;Francia;Borgogna;Esclusiva Italia;SI;assegnazione;80,00;NO;;Domaine (etichette bianche);;SI
MAISON-LOU-DUMONT-DOMAIN-BOURGOGNE-PINOT-NOIR-VV-2023-75;MAISON LOU DUMONT - DOMAINE KOJI ET JAE HWA;BOURGOGNE PINOT NOIR VV;2023;rosso;75;Borgogna;Francia;Borgogna;Esclusiva Italia;SI;assegnazione;65,00;NO;;Domaine (etichette bianche);;SI
MAISON-LOU-DUMONT-DOMAIN-MARSANNAY-EN-LEAUTIER-2023-75;MAISON LOU DUMONT - DOMAINE KOJI ET JAE HWA;"MARSANNAY ""EN LEAUTIER""";2023;rosso;75;Borgogna;Francia;Borgogna;Esclusiva Italia;SI;assegnazione;75,00;NO;;Domaine (etichette bianche);;SI
MAISON-LOU-DUMONT-DOMAIN-GEVREY-CHAMBERTIN-AUX-CORVEES-2023-75;MAISON LOU DUMONT - DOMAINE KOJI ET JAE HWA;"GEVREY-CHAMBERTIN ""AUX CORVEES""";2023;rosso;75;Borgogna;Francia;Borgogna;Esclusiva Italia;SI;assegnazione;190,00;NO;;Domaine (etichette bianche);;SI
MAISON-LOU-DUMONT-DOMAIN-GEVREY-CHAMBERTIN-LA-BRUNELLE-2023-75;MAISON LOU DUMONT - DOMAINE KOJI ET JAE HWA;"GEVREY-CHAMBERTIN ""LA BRUNELLE""";2023;rosso;75;Borgogna;Francia;Borgogna;Esclusiva Italia;SI;assegnazione;190,00;NO;;Domaine (etichette bianche);;SI
MAISON-LOU-DUMONT-DOMAIN-CAVATAPPI-NV-0;MAISON LOU DUMONT - DOMAINE KOJI ET JAE HWA;CAVATAPPI;;accessorio;0;Borgogna;Francia;Borgogna;Esclusiva Italia;SI;disponibile;20,00;NO;;Accessori;;SI
MAISON-LOU-DUMONT-DOMAIN-CAVATAPPI-CHATEAU-LAGUIOLE-NV-0;MAISON LOU DUMONT - DOMAINE KOJI ET JAE HWA;CAVATAPPI CHATEAU LAGUIOLE;;accessorio;0;Borgogna;Francia;Borgogna;Esclusiva Italia;SI;disponibile;210,00;NO;1;Accessori;;SI
DOMAINE-LIPPE-BOILEAU-BOURGOGNE-ALIGOTE-2023-75;DOMAINE LIPPE BOILEAU;BOURGOGNE ALIGOTÈ;2023;bianco;75;Borgogna;Francia;Borgogna;Esclusiva Italia;SI;in_esaurimento;24,00;NO;;;;SI
DOMAINE-LIPPE-BOILEAU-BOURGOGNE-PINOT-BLANC-2023-75;DOMAINE LIPPE BOILEAU;BOURGOGNE PINOT BLANC;2023;bianco;75;Borgogna;Francia;Borgogna;Esclusiva Italia;SI;in_esaurimento;24,00;NO;;;;SI
DOMAINE-LIPPE-BOILEAU-COTE-DE-NUITS-VILLAGES-BLANC-VIGNOIS-2023-75;DOMAINE LIPPE BOILEAU;"CÔTE DE NUITS VILLAGES BLANC ""VIGNOIS""";2023;bianco;75;Borgogna;Francia;Borgogna;Esclusiva Italia;SI;disponibile;40,00;NO;;;;SI
DOMAINE-LIPPE-BOILEAU-MARSANNAY-BLANC-2023-75;DOMAINE LIPPE BOILEAU;MARSANNAY BLANC;2023;bianco;75;Borgogna;Francia;Borgogna;Esclusiva Italia;SI;disponibile;44,00;NO;;;;SI
DOMAINE-LIPPE-BOILEAU-BOURGOGNE-COTE-D-OR-ROUGE-VV-2023-75;DOMAINE LIPPE BOILEAU;BOURGOGNE CÔTE D'OR ROUGE VV;2023;rosso;75;Borgogna;Francia;Borgogna;Esclusiva Italia;SI;esaurito;24,00;NO;;;;NO
DOMAINE-LIPPE-BOILEAU-COTE-DE-NUITS-VILLAGES-CREOLE-2023-75;DOMAINE LIPPE BOILEAU;"CÔTE DE NUITS VILLAGES ""CRÈOLE""";2023;rosso;75;Borgogna;Francia;Borgogna;Esclusiva Italia;SI;disponibile;40,00;NO;;;;SI
DOMAINE-LIPPE-BOILEAU-FIXIN-LES-VIGNES-AUX-GRANDS-2023-75;DOMAINE LIPPE BOILEAU;"FIXIN ""LES VIGNES AUX GRANDS""";2023;rosso;75;Borgogna;Francia;Borgogna;Esclusiva Italia;SI;disponibile;45,00;NO;;;;SI
DOMAINE-LIPPE-BOILEAU-GEVREY-CHAMBERTIN-VV-2023-75;DOMAINE LIPPE BOILEAU;GEVREY CHAMBERTIN VV;2023;rosso;75;Borgogna;Francia;Borgogna;Esclusiva Italia;SI;disponibile;63,00;NO;;;;SI
DOMAINE-LIPPE-BOILEAU-GEVREY-CHAMBERTIN-LES-EVOCELLES-2023-75;DOMAINE LIPPE BOILEAU;"GEVREY CHAMBERTIN ""LES EVOCELLES""";2023;rosso;75;Borgogna;Francia;Borgogna;Esclusiva Italia;SI;disponibile;85,00;NO;;;;SI
DOMAINE-DIDIER-BURELLE-BOURGOGNE-ALIGOTE-2021-75;DOMAINE DIDIER BURELLE;BOURGOGNE ALIGOTÈ;2021;bianco;75;Borgogna;Francia;Borgogna;Esclusiva Italia;SI;esaurito;15,20;NO;;;;NO
DOMAINE-DIDIER-BURELLE-HAUTES-COTES-DE-NUITS-BLANC-2021-75;DOMAINE DIDIER BURELLE;HAUTES CÔTES DE NUITS BLANC;2021;bianco;75;Borgogna;Francia;Borgogna;Esclusiva Italia;SI;in_esaurimento;21,00;NO;;;;SI
DOMAINE-DIDIER-BURELLE-LADOIX-2021-75;DOMAINE DIDIER BURELLE;LADOIX;2021;rosso;75;Borgogna;Francia;Borgogna;Esclusiva Italia;SI;disponibile;26,40;NO;;;;SI
DOMAINE-DIDIER-BURELLE-CHOREY-LES-BEAUNE-2021-75;DOMAINE DIDIER BURELLE;CHOREY-LES-BEAUNE;2021;rosso;75;Borgogna;Francia;Borgogna;Esclusiva Italia;SI;disponibile;26,90;NO;;;;SI
DOMAINE-DIDIER-BURELLE-BEAUNE-1ER-CRU-2021-75;DOMAINE DIDIER BURELLE;BEAUNE 1ER CRU;2021;rosso;75;Borgogna;Francia;Borgogna;Esclusiva Italia;SI;disponibile;44,90;NO;;;;SI
DOMAINE-DIDIER-BURELLE-ALOXE-CORTON-2021-75;DOMAINE DIDIER BURELLE;ALOXE-CORTON;2021;rosso;75;Borgogna;Francia;Borgogna;Esclusiva Italia;SI;disponibile;44,90;NO;;;;SI
DOMAINE-DIDIER-BURELLE-ALOXE-CORTON-2020-75;DOMAINE DIDIER BURELLE;ALOXE-CORTON;2020;rosso;75;Borgogna;Francia;Borgogna;Esclusiva Italia;SI;disponibile;44,90;NO;;;;SI
DOMAINE-FANNY-SABRE-CUVEE-ANATOLE-BLANC-2025-75;DOMAINE FANNY SABRE;CUVÉE ANATOLE BLANC;2025;bianco;75;Borgogna;Francia;Borgogna;Esclusiva Italia;SI;disponibile;22,50;SI;;;;SI
DOMAINE-FANNY-SABRE-BOURGOGNE-ALIGOTE-2024-75;DOMAINE FANNY SABRE;BOURGOGNE ALIGOTÈ;2024;bianco;75;Borgogna;Francia;Borgogna;Esclusiva Italia;SI;disponibile;24,80;SI;;;;SI
DOMAINE-FANNY-SABRE-BOURGOGNE-BLANC-2024-75;DOMAINE FANNY SABRE;BOURGOGNE BLANC;2024;bianco;75;Borgogna;Francia;Borgogna;Esclusiva Italia;SI;disponibile;28,50;SI;;;;SI
DOMAINE-FANNY-SABRE-CHOREY-LES-BEAUNE-BLANC-2023-75;DOMAINE FANNY SABRE;CHOREY LES BEAUNE BLANC;2023;bianco;75;Borgogna;Francia;Borgogna;Esclusiva Italia;SI;disponibile;43,20;SI;;;;SI
DOMAINE-FANNY-SABRE-MERCUREY-BLANC-2023-75;DOMAINE FANNY SABRE;MERCUREY BLANC;2023;bianco;75;Borgogna;Francia;Borgogna;Esclusiva Italia;SI;disponibile;43,20;SI;;;;SI
DOMAINE-FANNY-SABRE-LADOIX-BLANC-2023-75;DOMAINE FANNY SABRE;LADOIX BLANC;2023;bianco;75;Borgogna;Francia;Borgogna;Esclusiva Italia;SI;disponibile;47,70;SI;;;;SI
DOMAINE-FANNY-SABRE-BEAUNE-BLANC-CLOS-DES-RENARDES-2024-75;DOMAINE FANNY SABRE;"BEAUNE BLANC ""CLOS DES RENARDES""";2024;bianco;75;Borgogna;Francia;Borgogna;Esclusiva Italia;SI;disponibile;51,50;SI;;;;SI
DOMAINE-FANNY-SABRE-CUVEE-ANATOLE-ROUGE-2025-75;DOMAINE FANNY SABRE;CUVÉE ANATOLE ROUGE;2025;rosso;75;Borgogna;Francia;Borgogna;Esclusiva Italia;SI;disponibile;22,50;SI;;;;SI
DOMAINE-FANNY-SABRE-BOURGOGNE-ROUGE-CUVEE-XXIV-2024-75;DOMAINE FANNY SABRE;BOURGOGNE ROUGE CUVÉE XXIV;2024;rosso;75;Borgogna;Francia;Borgogna;Esclusiva Italia;SI;disponibile;29,90;SI;;;;SI
DOMAINE-FANNY-SABRE-MONTHELIE-LE-SOUS-ROCHE-2024-75;DOMAINE FANNY SABRE;"MONTHÉLIE ""LE SOUS ROCHE""";2024;rosso;75;Borgogna;Francia;Borgogna;Esclusiva Italia;SI;disponibile;48,50;SI;;;;SI
DOMAINE-FANNY-SABRE-SAVIGNY-LES-BEAUNE-ROUGE-2024-75;DOMAINE FANNY SABRE;SAVIGNY LES BEAUNE ROUGE;2024;rosso;75;Borgogna;Francia;Borgogna;Esclusiva Italia;SI;disponibile;48,50;SI;;;;SI
DOMAINE-FANNY-SABRE-BEAUNE-ROUGE-CLOS-DES-RENARDES-2023-75;DOMAINE FANNY SABRE;"BEAUNE ROUGE ""CLOS DES RENARDES""";2023;rosso;75;Borgogna;Francia;Borgogna;Esclusiva Italia;SI;disponibile;51,50;SI;;;;SI
DOMAINE-FANNY-SABRE-POMMARD-2023-75;DOMAINE FANNY SABRE;POMMARD;2023;rosso;75;Borgogna;Francia;Borgogna;Esclusiva Italia;SI;disponibile;53,50;SI;;;;SI
DOMAINE-FANNY-SABRE-BEAUNE-1ER-LES-CHOUOCHEUX-2024-75;DOMAINE FANNY SABRE;"BEAUNE 1ER ""LES CHOUOCHEUX""";2024;rosso;75;Borgogna;Francia;Borgogna;Esclusiva Italia;SI;disponibile;63,00;SI;;;;SI
DOMAINE-BERGERET-ET-FILL-BOURGOGNE-ALIGOTE-2023-75;DOMAINE BERGERET ET FILLE;BOURGOGNE ALIGOTE;2023;bianco;75;Borgogna;Francia;Borgogna;Esclusiva Italia;SI;disponibile;18,00;SI;;;;SI
DOMAINE-BERGERET-ET-FILL-BOURGOGNE-CHARDONNAY-2024-75;DOMAINE BERGERET ET FILLE;BOURGOGNE CHARDONNAY;2024;bianco;75;Borgogna;Francia;Borgogna;Esclusiva Italia;SI;disponibile;25,00;SI;;;;SI
DOMAINE-BERGERET-ET-FILL-SAINT-AUBIN-1ER-CRU-LES-CHAMPLOTS-2024-75;DOMAINE BERGERET ET FILLE;"SAINT-AUBIN 1ER CRU ""LES CHAMPLOTS""";2024;bianco;75;Borgogna;Francia;Borgogna;Esclusiva Italia;SI;limitato;38,00;SI;;;;SI
DOMAINE-BERGERET-ET-FILL-SAINT-AUBIN-1ER-CRU-LES-COMBES-2024-75;DOMAINE BERGERET ET FILLE;"SAINT-AUBIN 1ER CRU ""LES COMBES""";2024;bianco;75;Borgogna;Francia;Borgogna;Esclusiva Italia;SI;limitato;38,00;SI;;;;SI
DOMAINE-BERGERET-ET-FILL-CHASSAGNE-MONTRACHET-2024-75;DOMAINE BERGERET ET FILLE;CHASSAGNE-MONTRACHET;2024;bianco;75;Borgogna;Francia;Borgogna;Esclusiva Italia;SI;limitato;50,00;SI;;;;SI
DOMAINE-BERGERET-ET-FILL-CHASSAGNE-MONTRACHET-1ER-CRU-2024-75;DOMAINE BERGERET ET FILLE;CHASSAGNE-MONTRACHET 1ER CRU;2024;bianco;75;Borgogna;Francia;Borgogna;Esclusiva Italia;SI;limitato;69,00;SI;;;;SI
DOMAINE-BERGERET-ET-FILL-BEAUNE-2020-75;DOMAINE BERGERET ET FILLE;BEAUNE;2020;rosso;75;Borgogna;Francia;Borgogna;Esclusiva Italia;SI;disponibile;27,00;NO;;;;SI
DOMAINE-BERGERET-ET-FILL-BEAUNE-2019-75;DOMAINE BERGERET ET FILLE;BEAUNE;2019;rosso;75;Borgogna;Francia;Borgogna;Esclusiva Italia;SI;disponibile;27,00;NO;;;;SI
DOMAINE-BERGERET-ET-FILL-SANTENAY-2019-75;DOMAINE BERGERET ET FILLE;SANTENAY;2019;rosso;75;Borgogna;Francia;Borgogna;Esclusiva Italia;SI;disponibile;29,50;NO;;;;SI
DOMAINE-BERGERET-ET-FILL-SANTENAY-2017-75;DOMAINE BERGERET ET FILLE;SANTENAY;2017;rosso;75;Borgogna;Francia;Borgogna;Esclusiva Italia;SI;disponibile;29,50;NO;;;;SI
DOMAINE-BERGERET-ET-FILL-CHASSAGNE-MONTRACHET-ROUGE-2021-75;DOMAINE BERGERET ET FILLE;CHASSAGNE-MONTRACHET ROUGE;2021;rosso;75;Borgogna;Francia;Borgogna;Esclusiva Italia;SI;disponibile;31,00;NO;;;;SI
DOMAINE-BERGERET-ET-FILL-CHASSAGNE-MONTRACHET-ROUGE-2020-75;DOMAINE BERGERET ET FILLE;CHASSAGNE-MONTRACHET ROUGE;2020;rosso;75;Borgogna;Francia;Borgogna;Esclusiva Italia;SI;disponibile;31,00;NO;;;;SI
DOMAINE-JEAN-FRANCOIS-DI-SANTENAY-BLANC-2020-75;DOMAINE JEAN FRANCOIS DICONNE;SANTENAY BLANC;2020;bianco;75;Borgogna;Francia;Borgogna;Esclusiva Italia;SI;disponibile;27,90;NO;;;;SI
DOMAINE-JEAN-FRANCOIS-DI-BOURGOGNE-ROUGE-2021-75;DOMAINE JEAN FRANCOIS DICONNE;BOURGOGNE ROUGE;2021;rosso;75;Borgogna;Francia;Borgogna;Esclusiva Italia;SI;disponibile;21,90;NO;;;;SI
DOMAINE-JEAN-FRANCOIS-DI-SANTENAY-2021-75;DOMAINE JEAN FRANCOIS DICONNE;SANTENAY;2021;rosso;75;Borgogna;Francia;Borgogna;Esclusiva Italia;SI;disponibile;32,50;NO;;;;SI
DOMAINE-JEAN-FRANCOIS-DI-SANTENAY-2020-75;DOMAINE JEAN FRANCOIS DICONNE;SANTENAY;2020;rosso;75;Borgogna;Francia;Borgogna;Esclusiva Italia;SI;disponibile;32,50;NO;;;;SI
DOMAINE-JEAN-FRANCOIS-DI-SANTENAY-1ER-CRU-2020-75;DOMAINE JEAN FRANCOIS DICONNE;SANTENAY 1ER CRU;2020;rosso;75;Borgogna;Francia;Borgogna;Esclusiva Italia;SI;disponibile;39,90;NO;;;;SI
DOMAINE-PILLOT-ROMAIN-SI-BOURGOGNE-BLANC-CHARDONNAY-2022-75;DOMAINE PILLOT ROMAIN & SIMON;BOURGOGNE BLANC CHARDONNAY;2022;bianco;75;Borgogna;Francia;Borgogna;Esclusiva Italia;SI;esaurito;17,20;NO;;;;NO
DOMAINE-PILLOT-ROMAIN-SI-MERCUREY-BLANC-2022-75;DOMAINE PILLOT ROMAIN & SIMON;MERCUREY BLANC;2022;bianco;75;Borgogna;Francia;Borgogna;Esclusiva Italia;SI;disponibile;29,90;NO;;;;SI
DOMAINE-PILLOT-ROMAIN-SI-BOURGOGNE-ROUGE-PINOT-NOIR-2022-75;DOMAINE PILLOT ROMAIN & SIMON;BOURGOGNE ROUGE PINOT NOIR;2022;rosso;75;Borgogna;Francia;Borgogna;Esclusiva Italia;SI;esaurito;17,20;NO;;;;NO
DOMAINE-PILLOT-ROMAIN-SI-MERCUREY-2022-75;DOMAINE PILLOT ROMAIN & SIMON;MERCUREY;2022;rosso;75;Borgogna;Francia;Borgogna;Esclusiva Italia;SI;disponibile;24,50;NO;;;;SI
DOMAINE-PILLOT-ROMAIN-SI-MERCUREY-1ER-CRU-EN-SAZENAY-2022-75;DOMAINE PILLOT ROMAIN & SIMON;"MERCUREY 1ER CRU ""EN SAZENAY""";2022;rosso;75;Borgogna;Francia;Borgogna;Esclusiva Italia;SI;disponibile;32,80;NO;;;;SI
DOMAINE-PILLOT-ROMAIN-SI-MERCUREY-1ER-CRU-EN-SAZENAY-2021-75;DOMAINE PILLOT ROMAIN & SIMON;"MERCUREY 1ER CRU ""EN SAZENAY""";2021;rosso;75;Borgogna;Francia;Borgogna;Esclusiva Italia;SI;in_esaurimento;32,80;NO;;;;SI
DOMAINE-BERTRAND-CATARIN-BOURGOGNE-ALIGOTE-2021-75;DOMAINE BERTRAND CATARINA & RAPHAËL;BOURGOGNE ALIGOTÈ;2021;bianco;75;Borgogna;Francia;Borgogna;Esclusiva Italia;SI;disponibile;18,60;NO;;;;SI
DOMAINE-BERTRAND-CATARIN-MERCUREY-2021-75;DOMAINE BERTRAND CATARINA & RAPHAËL;MERCUREY;2021;rosso;75;Borgogna;Francia;Borgogna;Esclusiva Italia;SI;disponibile;26,90;NO;;;;SI
DOMAINE-BERTRAND-CATARIN-MERCUREY-EN-BOUSSOY-2021-75;DOMAINE BERTRAND CATARINA & RAPHAËL;"MERCUREY ""EN BOUSSOY""";2021;rosso;75;Borgogna;Francia;Borgogna;Esclusiva Italia;SI;disponibile;32,60;NO;;;;SI
DOMAINE-BERTRAND-CATARIN-MERCUREY-LA-PIDANCERIE-2021-75;DOMAINE BERTRAND CATARINA & RAPHAËL;"MERCUREY ""LA PIDANCERIE""";2021;rosso;75;Borgogna;Francia;Borgogna;Esclusiva Italia;SI;disponibile;32,60;NO;;;;SI
DOMAINE-GREGOIRE-HOPPENO-BEAUJOLAIS-BLANC-2024-75;DOMAINE GREGOIRE HOPPENOT;BEAUJOLAIS BLANC;2024;bianco;75;Beaujolais;Francia;Beaujolais;Esclusiva Italia;SI;disponibile;16,80;NO;;;;SI
DOMAINE-GREGOIRE-HOPPENO-BEAUJOLAIS-BLANC-MAGNUM-2024-150;DOMAINE GREGOIRE HOPPENOT;BEAUJOLAIS BLANC MAGNUM;2024;bianco;150;Beaujolais;Francia;Beaujolais;Esclusiva Italia;SI;disponibile;36,60;NO;;;;SI
DOMAINE-GREGOIRE-HOPPENO-FLEURIE-ORIGINES-2024-75;DOMAINE GREGOIRE HOPPENOT;"FLEURIE ""ORIGINES""";2024;rosso;75;Beaujolais;Francia;Beaujolais;Esclusiva Italia;SI;disponibile;16,60;NO;;;;SI
DOMAINE-GREGOIRE-HOPPENO-FLEURIE-ORIGINES-MAGNUM-2024-150;DOMAINE GREGOIRE HOPPENOT;"FLEURIE ""ORIGINES"" MAGNUM";2024;rosso;150;Beaujolais;Francia;Beaujolais;Esclusiva Italia;SI;limitato;36,60;NO;;;;SI
DOMAINE-GREGOIRE-HOPPENO-FLEURIE-INDIGENE-2024-75;DOMAINE GREGOIRE HOPPENOT;"FLEURIE ""INDIGÉNE""";2024;rosso;75;Beaujolais;Francia;Beaujolais;Esclusiva Italia;SI;disponibile;19,40;NO;;;;SI
DOMAINE-GREGOIRE-HOPPENO-FLEURIE-INDIGENE-MAGNUM-2024-150;DOMAINE GREGOIRE HOPPENOT;"FLEURIE ""INDIGÉNE"" MAGNUM";2024;rosso;150;Beaujolais;Francia;Beaujolais;Esclusiva Italia;SI;limitato;42,20;NO;;;;SI
DOMAINE-GREGOIRE-HOPPENO-FLEURIE-LES-GARANTS-2024-75;DOMAINE GREGOIRE HOPPENOT;"FLEURIE ""LES GARANTS""";2024;rosso;75;Beaujolais;Francia;Beaujolais;Esclusiva Italia;SI;disponibile;29,40;NO;;;;SI
DOMAINE-GREGOIRE-HOPPENO-FLEURIE-LES-GARANTS-MAGNUM-2024-150;DOMAINE GREGOIRE HOPPENOT;"FLEURIE ""LES GARANTS"" MAGNUM";2024;rosso;150;Beaujolais;Francia;Beaujolais;Esclusiva Italia;SI;disponibile;62,20;NO;;;;SI
DOMAINE-GREGOIRE-HOPPENO-FLEURIE-LES-MORIERS-2024-75;DOMAINE GREGOIRE HOPPENOT;"FLEURIE ""LES MORIERS""";2024;rosso;75;Beaujolais;Francia;Beaujolais;Esclusiva Italia;SI;disponibile;27,40;NO;;;;SI
DOMAINE-GREGOIRE-HOPPENO-FLEURIE-LES-MORIERS-MAGNUM-2024-150;DOMAINE GREGOIRE HOPPENOT;"FLEURIE ""LES MORIERS"" MAGNUM";2024;rosso;150;Beaujolais;Francia;Beaujolais;Esclusiva Italia;SI;disponibile;57,80;NO;;;;SI
DOMAINE-GREGOIRE-HOPPENO-FLEURIE-CLOS-DE-L-ARMANDIER-2024-75;DOMAINE GREGOIRE HOPPENOT;"FLEURIE ""CLOS DE L'ARMANDIER""";2024;rosso;75;Beaujolais;Francia;Beaujolais;Esclusiva Italia;SI;disponibile;31,40;NO;;;;SI
DOMAINE-GREGOIRE-HOPPENO-MORGON-CORCELETTE-2024-75;DOMAINE GREGOIRE HOPPENOT;"MORGON ""CORCELETTE""";2024;rosso;75;Beaujolais;Francia;Beaujolais;Esclusiva Italia;SI;disponibile;31,40;NO;;;;SI
DOMAINE-GREGOIRE-HOPPENO-MORGON-CORCELETTE-MAGNUM-2024-150;DOMAINE GREGOIRE HOPPENOT;"MORGON ""CORCELETTE"" MAGNUM";2024;rosso;150;Beaujolais;Francia;Beaujolais;Esclusiva Italia;SI;disponibile;65,00;NO;;;;SI
DOMAINE-D-ICI-LA-METHODE-TRADITIONNELLE-BRUT-NATURE-NV-75;DOMAINE D'ICI LÀ;MÉTHODE TRADITIONNELLE BRUT NATURE;;bollicine;75;Bugey;Francia;Bugey;Esclusiva Italia;SI;disponibile;19,90;NO;;;;SI
DOMAINE-D-ICI-LA-CHARDONNAY-LITHOS-2023-75;DOMAINE D'ICI LÀ;"CHARDONNAY ""LITHOS""";2023;bianco;75;Bugey;Francia;Bugey;Esclusiva Italia;SI;disponibile;16,40;NO;;;;SI
DOMAINE-D-ICI-LA-ALTESSE-AOC-ROUSETTE-DU-BUGEY-2022-75;DOMAINE D'ICI LÀ;ALTESSE AOC ROUSETTE DU BUGEY;2022;bianco;75;Bugey;Francia;Bugey;Esclusiva Italia;SI;disponibile;19,50;NO;;;;SI
DOMAINE-D-ICI-LA-ALTESSE-AOC-ROUSSETTE-DE-MONTAGNIEU-NV-75;DOMAINE D'ICI LÀ;ALTESSE AOC ROUSSETTE DE MONTAGNIEU;;bianco;75;Bugey;Francia;Bugey;Esclusiva Italia;SI;disponibile;25,50;NO;;;;SI
DOMAINE-D-ICI-LA-CHARDONNAY-ANFORA-LES-OUBLIES-2022-75;DOMAINE D'ICI LÀ;"CHARDONNAY ANFORA ""LES OUBLIÈS""";2022;macerato;75;Bugey;Francia;Bugey;Esclusiva Italia;SI;disponibile;21,70;NO;;;;SI
DOMAINE-D-ICI-LA-GAMAY-LES-NOIRETTES-AOC-BUGEY-2023-75;DOMAINE D'ICI LÀ;"GAMAY ""LES NOIRETTES"" AOC BUGEY";2023;rosso;75;Bugey;Francia;Bugey;Esclusiva Italia;SI;disponibile;16,40;NO;;;;SI
DOMAINE-D-ICI-LA-MONDEUSE-DE-MONTAGNIEU-AOC-BUGEY-2022-75;DOMAINE D'ICI LÀ;MONDEUSE DE MONTAGNIEU AOC BUGEY;2022;rosso;75;Bugey;Francia;Bugey;Esclusiva Italia;SI;disponibile;19,50;NO;;;;SI
SYLVAIN-RAVIER-SAVOIE-BLANC-TOUT-VIT-2021-75;SYLVAIN RAVIER;"SAVOIE BLANC ""TOUT VIT""";2021;bianco;75;Savoia;Francia;Savoia;Esclusiva Italia;SI;esaurito;13,90;NO;;;;NO
SYLVAIN-RAVIER-JACQUERE-LE-GALETS-2021-75;SYLVAIN RAVIER;"JACQUERE ""LE GALETS""";2021;bianco;75;Savoia;Francia;Savoia;Esclusiva Italia;SI;esaurito;15,30;NO;;;;NO
SYLVAIN-RAVIER-JACQUERE-LES-MORRAINES-2021-75;SYLVAIN RAVIER;"JACQUERE ""LES MORRAINES""";2021;bianco;75;Savoia;Francia;Savoia;Esclusiva Italia;SI;disponibile;15,80;NO;;;;SI
SYLVAIN-RAVIER-JACQUERE-LES-MARNES-2021-75;SYLVAIN RAVIER;"JACQUERE ""LES MARNES""";2021;bianco;75;Savoia;Francia;Savoia;Esclusiva Italia;SI;disponibile;16,20;NO;;;;SI
SYLVAIN-RAVIER-ALTESSE-LES-ARGILES-2021-75;SYLVAIN RAVIER;"ALTESSE ""LES ARGILES""";2021;bianco;75;Savoia;Francia;Savoia;Esclusiva Italia;SI;disponibile;18,20;NO;;;;SI
SYLVAIN-RAVIER-ROUSSANNE-LES-BRECHES-2020-75;SYLVAIN RAVIER;"ROUSSANNE ""LES BRECHES""";2020;bianco;75;Savoia;Francia;Savoia;Esclusiva Italia;SI;disponibile;23,60;NO;;;;SI
ELI-LESPINASSE-LES-VIGNE-UZUME-GRENACHE-B-MUSCADET-2024-75;ELI LESPINASSE - LES VIGNES DU DUOX;"""UZUME"" (GRENACHE B.-MUSCADET)";2024;macerato;75;Rodano;Francia;Ardèche;Esclusiva Italia;SI;disponibile;17,90;SI;;;;SI
ELI-LESPINASSE-LES-VIGNE-TENJIN-SYRAH-VIOGNIER-2023-75;ELI LESPINASSE - LES VIGNES DU DUOX;"""TENJIN"" (SYRAH-VIOGNIER)";2023;rosso;75;Rodano;Francia;Ardèche;Esclusiva Italia;SI;in_esaurimento;14,20;NO;;;;SI
DOMAINE-BOISSONNET-SAINT-JOSEPH-BLANC-EMISPHERE-2021-75;DOMAINE BOISSONNET;"SAINT JOSEPH BLANC ""EMISPHÉRE""";2021;bianco;75;Rodano;Francia;Rodano Settentrionale;Esclusiva Italia;SI;disponibile;26,20;NO;;;;SI
DOMAINE-BOISSONNET-CONDRIEU-2024-75;DOMAINE BOISSONNET;CONDRIEU;2024;bianco;75;Rodano;Francia;Rodano Settentrionale;Esclusiva Italia;SI;disponibile;42,30;NO;;;;SI
DOMAINE-BOISSONNET-COLLINES-RHODANIENNES-SYRAH-2024-75;DOMAINE BOISSONNET;COLLINES RHODANIENNES SYRAH;2024;rosso;75;Rodano;Francia;Rodano Settentrionale;Esclusiva Italia;SI;disponibile;12,30;NO;;;;SI
DOMAINE-BOISSONNET-SAINT-JOSEPH-EMISPHERE-2021-75;DOMAINE BOISSONNET;"SAINT JOSEPH ""EMISPHÉRE""";2021;rosso;75;Rodano;Francia;Rodano Settentrionale;Esclusiva Italia;SI;disponibile;21,90;NO;;;;SI
DOMAINE-BOISSONNET-SAINT-JOSEPH-BELIVE-2021-75;DOMAINE BOISSONNET;"SAINT JOSEPH ""BÉLIVE""";2021;rosso;75;Rodano;Francia;Rodano Settentrionale;Esclusiva Italia;SI;limitato;31,90;NO;;;;SI
DOMAINE-BOISSONNET-SAINT-JOSEPH-BELIVE-2024-75;DOMAINE BOISSONNET;"SAINT JOSEPH ""BÉLIVE""";2024;rosso;75;Rodano;Francia;Rodano Settentrionale;Esclusiva Italia;SI;disponibile;31,90;NO;;;;SI
DOMAINE-LES-CARMELS-BORDEAUX-CADILLAC-LES-CAPRICES-2021-75;DOMAINE LES CARMELS;"BORDEAUX CADILLAC ""LES CAPRICES""";2021;rosso;75;Bordeaux;Francia;Bordeaux;Esclusiva Italia;SI;disponibile;14,20;NO;;;;SI
DOMAINE-LES-CARMELS-BORDEAUX-CADILLAC-L-ABONDANCE-2021-75;DOMAINE LES CARMELS;"BORDEAUX CADILLAC ""L'ABONDANCE""";2021;rosso;75;Bordeaux;Francia;Bordeaux;Esclusiva Italia;SI;disponibile;17,90;NO;;;;SI
DOMAINE-LES-CARMELS-BORDEAUX-CADILLAC-LES-VENDAGES-2020-75;DOMAINE LES CARMELS;"BORDEAUX CADILLAC ""LES VENDAGES""";2020;rosso;75;Bordeaux;Francia;Bordeaux;Esclusiva Italia;SI;disponibile;25,40;NO;;;;SI
LES-QUATRE-JOURNAUX-BOCA-FOLLE-BLANCHE-2024-75;LES QUATRE JOURNAUX - BOCAGE;FOLLE BLANCHE;2024;bianco;75;Loira;Francia;Loira, Nantes;Esclusiva Italia;SI;disponibile;7,90;NO;;;;SI
LES-QUATRE-JOURNAUX-BOCA-CHARDONNAY-2024-75;LES QUATRE JOURNAUX - BOCAGE;CHARDONNAY;2024;bianco;75;Loira;Francia;Loira, Nantes;Esclusiva Italia;SI;disponibile;7,90;NO;;;;SI
LES-QUATRE-JOURNAUX-BOCA-MUSCADET-2023-75;LES QUATRE JOURNAUX - BOCAGE;MUSCADET;2023;bianco;75;Loira;Francia;Loira, Nantes;Esclusiva Italia;SI;disponibile;9,00;NO;;;;SI
LES-QUATRE-JOURNAUX-BOCA-MUSCADET-SEVRE-ET-MAINE-2023-75;LES QUATRE JOURNAUX - BOCAGE;MUSCADET SÈVRE-ET-MAINE;2023;bianco;75;Loira;Francia;Loira, Nantes;Esclusiva Italia;SI;disponibile;12,50;NO;;;;SI
LES-QUATRE-JOURNAUX-BOCA-MUSCADET-GRANDE-RESERVE-2018-75;LES QUATRE JOURNAUX - BOCAGE;MUSCADET GRANDE RESERVE;2018;bianco;75;Loira;Francia;Loira, Nantes;Esclusiva Italia;SI;disponibile;16,00;NO;;;;SI
LES-QUATRE-JOURNAUX-BOCA-GABBRO-2023-75;LES QUATRE JOURNAUX - BOCAGE;GABBRO;2023;rosato;75;Loira;Francia;Loira, Nantes;Esclusiva Italia;SI;disponibile;7,90;NO;;;;SI
LES-QUATRE-JOURNAUX-BOCA-CABERNET-FRANC-ER-MAEZ-NV-75;LES QUATRE JOURNAUX - BOCAGE;"CABERNET FRANC ""ER MAEZ""";;rosso;75;Loira;Francia;Loira, Nantes;Esclusiva Italia;SI;esaurito;9,00;NO;;;;NO
LES-QUATRE-JOURNAUX-BOCA-KUZHENN-CAB-FRANC-PINOT-NOIR-NV-75;LES QUATRE JOURNAUX - BOCAGE;KUZHENN (CAB.FRANC-PINOT NOIR);;rosso;75;Loira;Francia;Loira, Nantes;Esclusiva Italia;SI;disponibile;12,50;NO;;;;SI
LES-QUATRE-JOURNAUX-BOCA-BERLIGOU-2023-75;LES QUATRE JOURNAUX - BOCAGE;BERLIGOU;2023;rosso;75;Loira;Francia;Loira, Nantes;Esclusiva Italia;SI;disponibile;16,00;NO;;;;SI
DOMAINE-DE-L-OURS-BLEU-LES-BULLES-BLEUES-2019-75;DOMAINE DE L'OURS BLEU;LES BULLES BLEUES;2019;bollicine;75;Loira;Francia;Loira, Saumur;Esclusiva Italia;SI;disponibile;12,50;NO;;;;SI
DOMAINE-DE-L-OURS-BLEU-BREZE-BLANC-PUZZLE-2023-75;DOMAINE DE L'OURS BLEU;"BRÉZÉ BLANC ""PUZZLE""";2023;bianco;75;Loira;Francia;Loira, Saumur;Esclusiva Italia;SI;esaurito;37,00;SI;;;;NO
DOMAINE-DE-L-OURS-BLEU-BREZE-BLANC-PUZZLE-MAGNUM-2023-150;DOMAINE DE L'OURS BLEU;"BRÉZÉ BLANC ""PUZZLE"" MAGNUM";2023;bianco;150;Loira;Francia;Loira, Saumur;Esclusiva Italia;SI;in_esaurimento;80,00;SI;;;;SI
DOMAINE-DE-L-OURS-BLEU-SAUMUR-CHAUMONT-L-EN-CLOS-2023-75;DOMAINE DE L'OURS BLEU;SAUMUR CHAUMONT-L'EN CLOS;2023;bianco;75;Loira;Francia;Loira, Saumur;Esclusiva Italia;SI;disponibile;37,00;SI;;;;SI
DOMAINE-DE-L-OURS-BLEU-SAUMUR-LE-PETIT-NATURISTE-2021-75;DOMAINE DE L'OURS BLEU;"SAUMUR ""LE PETIT NATURISTE""";2021;rosso;75;Loira;Francia;Loira, Saumur;Esclusiva Italia;SI;disponibile;13,00;NO;;;;SI
DOMAINE-DE-L-OURS-BLEU-SAUMUR-LE-PETIT-NATURISTE-2020-75;DOMAINE DE L'OURS BLEU;"SAUMUR ""LE PETIT NATURISTE""";2020;rosso;75;Loira;Francia;Loira, Saumur;Esclusiva Italia;SI;disponibile;14,00;NO;;;;SI
DOMAINE-DE-L-OURS-BLEU-SAUMUR-LES-VARENNES-DE-MESTRE-2021-75;DOMAINE DE L'OURS BLEU;"SAUMUR ""LES VARENNES DE MESTRÉ""";2021;rosso;75;Loira;Francia;Loira, Saumur;Esclusiva Italia;SI;disponibile;14,00;NO;;;;SI
DOMAINE-DE-L-OURS-BLEU-SAUMUR-CHAMPIGNY-ROCHENARD-2021-75;DOMAINE DE L'OURS BLEU;"SAUMUR CHAMPIGNY ""ROCHENARD""";2021;rosso;75;Loira;Francia;Loira, Saumur;Esclusiva Italia;SI;disponibile;16,40;NO;;;;SI
DOMAINE-DE-L-OURS-BLEU-SAUMUR-LES-CHAMPS-PICARD-2020-75;DOMAINE DE L'OURS BLEU;"SAUMUR ""LES CHAMPS PICARD""";2020;rosso;75;Loira;Francia;Loira, Saumur;Esclusiva Italia;SI;disponibile;24,00;NO;;;;SI
DOMAINE-DE-L-OURS-BLEU-SAUMUR-CHAMPIGNY-LA-SALLE-MARTIN-2020-75;DOMAINE DE L'OURS BLEU;"SAUMUR CHAMPIGNY ""LA SALLE MARTIN""";2020;rosso;75;Loira;Francia;Loira, Saumur;Esclusiva Italia;SI;disponibile;28,00;NO;;;;SI
DOMAINE-CATHERINE-BERNAR-LE-CLARET-2022-75;DOMAINE CATHERINE BERNARD;LE CLARET;2022;rosso;75;Languedoc;Francia;Languedoc;Esclusiva Italia;SI;disponibile;15,20;NO;;;;SI
DOMAINE-CATHERINE-BERNAR-LE-CLARET-MAGNUM-2020-150;DOMAINE CATHERINE BERNARD;LE CLARET MAGNUM;2020;rosso;150;Languedoc;Francia;Languedoc;Esclusiva Italia;SI;disponibile;31,60;NO;;;;SI
DOMAINE-CATHERINE-BERNAR-LA-ROUTE-DES-CRETES-2021-75;DOMAINE CATHERINE BERNARD;LA ROUTE DES CRÊTES;2021;rosso;75;Languedoc;Francia;Languedoc;Esclusiva Italia;SI;disponibile;15,20;NO;;;;SI
DOMAINE-CATHERINE-BERNAR-LA-ROUTE-DES-CRETES-MAGNUM-2019-150;DOMAINE CATHERINE BERNARD;LA ROUTE DES CRÊTES MAGNUM;2019;rosso;150;Languedoc;Francia;Languedoc;Esclusiva Italia;SI;disponibile;32,30;NO;;;;SI
DOMAINE-CATHERINE-BERNAR-LE-CARIGNAN-2020-75;DOMAINE CATHERINE BERNARD;LE CARIGNAN;2020;rosso;75;Languedoc;Francia;Languedoc;Esclusiva Italia;SI;disponibile;19,00;NO;;;;SI
DOMAINE-CATHERINE-BERNAR-LE-CARIGNAN-MAGNUM-2019-150;DOMAINE CATHERINE BERNARD;LE CARIGNAN MAGNUM;2019;rosso;150;Languedoc;Francia;Languedoc;Esclusiva Italia;SI;disponibile;38,50;NO;;;;SI
DOMAINE-CATHERINE-BERNAR-L-ALICANTE-2022-75;DOMAINE CATHERINE BERNARD;L'ALICANTE;2022;rosso;75;Languedoc;Francia;Languedoc;Esclusiva Italia;SI;disponibile;23,40;NO;;;;SI
DOMAINE-CATHERINE-BERNAR-L-ALICANTE-2021-75;DOMAINE CATHERINE BERNARD;L'ALICANTE;2021;rosso;75;Languedoc;Francia;Languedoc;Esclusiva Italia;SI;disponibile;23,40;NO;;;;SI
DOMAINE-CATHERINE-BERNAR-L-ALICANTE-MAGNUM-2020-150;DOMAINE CATHERINE BERNARD;L'ALICANTE MAGNUM;2020;rosso;150;Languedoc;Francia;Languedoc;Esclusiva Italia;SI;disponibile;44,80;NO;;;;SI
DOMAINE-CATHERINE-BERNAR-MAINTENANT-2022-75;DOMAINE CATHERINE BERNARD;MAINTENANT;2022;rosso;75;Languedoc;Francia;Languedoc;Esclusiva Italia;SI;disponibile;18,70;NO;;;;SI
DOMAINE-CATHERINE-BERNAR-LE-MOURVEDRE-2021-75;DOMAINE CATHERINE BERNARD;LE MOURVEDRE;2021;rosso;75;Languedoc;Francia;Languedoc;Esclusiva Italia;SI;disponibile;27,20;NO;;;;SI
DOMAINE-CATHERINE-BERNAR-LA-CARBONELLE-2021-75;DOMAINE CATHERINE BERNARD;LA CARBONELLE;2021;rosso;75;Languedoc;Francia;Languedoc;Esclusiva Italia;SI;disponibile;27,20;NO;;;;SI
DOMAINE-CATHERINE-BERNAR-LA-CARBONELLE-MAGNUM-2020-150;DOMAINE CATHERINE BERNARD;LA CARBONELLE MAGNUM;2020;rosso;150;Languedoc;Francia;Languedoc;Esclusiva Italia;SI;disponibile;53,20;NO;;;;SI
DOMAINE-CATHERINE-BERNAR-LA-CARBONELLE-ROSE-2021-75;DOMAINE CATHERINE BERNARD;LA CARBONELLE ROSÉ;2021;rosso;75;Languedoc;Francia;Languedoc;Esclusiva Italia;SI;disponibile;26,60;NO;;;;SI
MAS-GUALLAR-OXYMORON-2021-75;MAS GUALLAR;OXYMORON;2021;macerato;75;Roussillon;Francia;Roussillon;Esclusiva Italia;SI;in_esaurimento;18,60;NO;;;;SI
MAS-GUALLAR-SORORITE-2021-75;MAS GUALLAR;SORORITÉ;2021;rosato;75;Roussillon;Francia;Roussillon;Esclusiva Italia;SI;disponibile;18,40;NO;;;;SI
MAS-GUALLAR-OARISTYS-2022-75;MAS GUALLAR;OARISTYS;2022;rosso;75;Roussillon;Francia;Roussillon;Esclusiva Italia;SI;disponibile;19,80;NO;;;;SI
MAS-GUALLAR-GRATALLOUPS-2021-75;MAS GUALLAR;GRATALLOUPS;2021;rosso;75;Roussillon;Francia;Roussillon;Esclusiva Italia;SI;disponibile;26,90;NO;;;;SI
MAS-GUALLAR-LA-FOUN-DEL-BOSC-2020-75;MAS GUALLAR;LA FOUN DEL BOSC;2020;rosso;75;Roussillon;Francia;Roussillon;Esclusiva Italia;SI;disponibile;26,90;NO;;;;SI
MAS-GUALLAR-MAILLOL-DE-LA-SERRE-2020-75;MAS GUALLAR;MAILLOL DE LA SERRE;2020;rosso;75;Roussillon;Francia;Roussillon;Esclusiva Italia;SI;disponibile;26,90;NO;;;;SI
PETER-SICHEL-MONTANHA-2024-75;PETER SICHEL;MONTANHA;2024;rosso;75;Roussillon;Francia;Pirenei Orientali;Esclusiva Italia;SI;esaurito;14,50;NO;;;;NO
PETER-SICHEL-CUCUNIANO-2022-75;PETER SICHEL;CUCUNIANO;2022;rosso;75;Roussillon;Francia;Pirenei Orientali;Esclusiva Italia;SI;disponibile;15,50;NO;;;;SI
PETER-SICHEL-CARIGNAN-PETIT-FRANCE-2023-75;PETER SICHEL;"CARIGNAN ""PETIT FRANCE""";2023;rosso;75;Roussillon;Francia;Pirenei Orientali;Esclusiva Italia;SI;disponibile;25,00;NO;;;;SI
PETER-SICHEL-SYRAH-TRIBY-2023-75;PETER SICHEL;"SYRAH ""TRIBY""";2023;rosso;75;Roussillon;Francia;Pirenei Orientali;Esclusiva Italia;SI;disponibile;27,00;NO;;;;SI
PETER-SICHEL-GRENACHE-TERRE-ROUGE-2023-75;PETER SICHEL;"GRENACHE ""TERRE ROUGE""";2023;rosso;75;Roussillon;Francia;Pirenei Orientali;Esclusiva Italia;SI;disponibile;28,50;NO;;;;SI
WEINGUT-VON-DER-MARK-RIESLING-VECCHIE-VIGNE-2024-75;WEINGUT VON DER MARK;RIESLING VECCHIE VIGNE;2024;bianco;75;Baden;Germania;Baden;Esclusiva Italia;SI;disponibile;9,80;NO;;;;SI
WEINGUT-VON-DER-MARK-RIESLING-SPATLESE-2021-75;WEINGUT VON DER MARK;RIESLING SPATLESE;2021;bianco;75;Baden;Germania;Baden;Esclusiva Italia;SI;disponibile;12,00;NO;;;;SI
WEINGUT-VON-DER-MARK-PINOT-BIANCO-2025-75;WEINGUT VON DER MARK;PINOT BIANCO;2025;bianco;75;Baden;Germania;Baden;Esclusiva Italia;SI;disponibile;9,80;NO;;;;SI
WEINGUT-VON-DER-MARK-SAVAGNIN-2023-75;WEINGUT VON DER MARK;SAVAGNIN;2023;bianco;75;Baden;Germania;Baden;Esclusiva Italia;SI;disponibile;22,70;NO;;;;SI
WEINGUT-VON-DER-MARK-CHARDONNAY-2023-75;WEINGUT VON DER MARK;CHARDONNAY;2023;bianco;75;Baden;Germania;Baden;Esclusiva Italia;SI;disponibile;22,70;NO;;;;SI
WEINGUT-VON-DER-MARK-PINOT-NERO-SPATBURGUNDER-2024-75;WEINGUT VON DER MARK;"PINOT NERO ""SPÄTBURGUNDER""";2024;rosso;75;Baden;Germania;Baden;Esclusiva Italia;SI;disponibile;10,50;NO;;;;SI
WEINGUT-VON-DER-MARK-PINOT-NERO-MERDINGER-2023-75;WEINGUT VON DER MARK;"PINOT NERO ""MERDINGER""";2023;rosso;75;Baden;Germania;Baden;Esclusiva Italia;SI;disponibile;14,90;NO;;;;SI
WEINGUT-VON-DER-MARK-PINOT-NERO-KRIEGER-DES-LICHTS-2023-75;WEINGUT VON DER MARK;"PINOT NERO ""KRIEGER DES LICHTS""";2023;rosso;75;Baden;Germania;Baden;Esclusiva Italia;SI;disponibile;39,90;NO;;;;SI
CABANA-DAS-BOLBORETAS-GORGOLA-NATURE-46-MESI-2018-75;CABANA DAS BOLBORETAS;GORGOLA NATURE 46 MESI;2018;bollicine;75;Galizia;Spagna;Galizia;Esclusiva Italia;SI;in_esaurimento;28,60;NO;;;;SI
CABANA-DAS-BOLBORETAS-GORGOLA-NATURE-56-MESI-MAGNUM-2017-150;CABANA DAS BOLBORETAS;GORGOLA NATURE 56 MESI MAGNUM;2017;bollicine;150;Galizia;Spagna;Galizia;Esclusiva Italia;SI;limitato;59,20;NO;;;;SI
CABANA-DAS-BOLBORETAS-ALBARINO-2021-75;CABANA DAS BOLBORETAS;ALBARIÑO;2021;bianco;75;Galizia;Spagna;Galizia;Esclusiva Italia;SI;esaurito;13,90;NO;;;;NO
CABANA-DAS-BOLBORETAS-ALBARINO-VALOUTA-2020-75;CABANA DAS BOLBORETAS;"ALBARIÑO ""VALOUTA""";2020;bianco;75;Galizia;Spagna;Galizia;Esclusiva Italia;SI;esaurito;18,40;NO;;;;NO
CABANA-DAS-BOLBORETAS-ALBARINO-ESQUIZA-2021-75;CABANA DAS BOLBORETAS;"ALBARIÑO ""ESQUIZA""";2021;bianco;75;Galizia;Spagna;Galizia;Esclusiva Italia;SI;esaurito;18,40;NO;;;;NO
WINE-ALCHEMIST-SELEZIONE-ROSSO-DI-VALTELLINA-MUF-2022-75;WINE ALCHEMIST (SELEZIONE);"ROSSO DI VALTELLINA ""MUF""";2022;rosso;75;Lombardia;Italia;Valtellina;Esclusiva ovunque;SI;disponibile;12,70;NO;;;;SI
WINE-ALCHEMIST-SELEZIONE-VERDICCHIO-CL-SUP-JESI-MITI-2023-75;WINE ALCHEMIST (SELEZIONE);"VERDICCHIO CL. SUP. JESI ""MITI""";2023;bianco;75;Marche;Italia;Castelli di Jesi;Esclusiva ovunque;SI;disponibile;12,50;NO;;;;SI
WINE-ALCHEMIST-SELEZIONE-STEFAN-VETTER-RIESLING-ZINES-2021-75;WINE ALCHEMIST (SELEZIONE);"STEFAN VETTER RIESLING ""ZINES""";2021;bianco;75;Franconia;Germania;Germania;Esclusiva ovunque;SI;in_esaurimento;18,40;NO;;;;SI
WINE-ALCHEMIST-SELEZIONE-STEFAN-VETTER-RIESLING-ZINES-MG-2021-150;WINE ALCHEMIST (SELEZIONE);"STEFAN VETTER RIESLING ""ZINES"" MG";2021;bianco;150;Franconia;Germania;Germania;Esclusiva ovunque;SI;in_esaurimento;37,50;NO;;;;SI
WINE-ALCHEMIST-SELEZIONE-STEFAN-VETTER-SYLVANER-SYLVI-2022-75;WINE ALCHEMIST (SELEZIONE);"STEFAN VETTER SYLVANER ""SYLVI""";2022;bianco;75;Franconia;Germania;Germania;Esclusiva ovunque;SI;in_esaurimento;19,50;NO;;;;SI
WINE-ALCHEMIST-SELEZIONE-STEFAN-VETTER-SYLVANER-SYLVI-2021-75;WINE ALCHEMIST (SELEZIONE);"STEFAN VETTER SYLVANER ""SYLVI""";2021;bianco;75;Franconia;Germania;Germania;Esclusiva ovunque;SI;in_esaurimento;19,50;NO;;;;SI
WINE-ALCHEMIST-SELEZIONE-MICROBIO-WINES-VERDEJO-MARILU-2023-75;WINE ALCHEMIST (SELEZIONE);"MICROBIO WINES VERDEJO ""MARILÙ""";2023;bianco;75;Spagna;Spagna;Spagna;Esclusiva ovunque;SI;disponibile;19,50;NO;;;;SI
WINE-ALCHEMIST-SELEZIONE-MICROBIO-WINES-VERDEJO-GIUFA-MG-2023-150;WINE ALCHEMIST (SELEZIONE);"MICROBIO WINES VERDEJO ""GIUFÀ"" MG";2023;bianco;150;Spagna;Spagna;Spagna;Esclusiva ovunque;SI;disponibile;38,50;NO;;;;SI
